{"data_time": 0.0034042384941130877, "eta_seconds": 226.5661627287045, "fast_rcnn/cls_accuracy": 0.8994140625, "fast_rcnn/false_negative": 0.5994545454545455, "fast_rcnn/fg_cls_accuracy": 0.3608571428571429, "iteration": 19, "loss_box_reg": 0.3644994096830487, "loss_cls": 0.4278208129107952, "loss_clustering": 0.0, "loss_rpn_cls": 0.23171263351105154, "loss_rpn_loc": 0.14513691468164325, "lr": 0.01, "roi_head/num_bg_samples": 444.0, "roi_head/num_fg_samples": 68.0, "rpn/num_neg_anchors": 197.0, "rpn/num_pos_anchors": 59.0, "time": 0.4720128390181344, "total_loss": 1.163915136246942}
{"data_time": 0.0031544720113743097, "eta_seconds": 215.82696896919515, "fast_rcnn/cls_accuracy": 0.92578125, "fast_rcnn/false_negative": 0.7730994152046784, "fast_rcnn/fg_cls_accuracy": 0.20769230769230768, "iteration": 39, "loss_box_reg": 0.2938415235839784, "loss_cls": 0.40347890369594097, "loss_clustering": 0.0, "loss_rpn_cls": 0.1967586155515164, "loss_rpn_loc": 0.13713680958608165, "lr": 0.01, "roi_head/num_bg_samples": 460.5, "roi_head/num_fg_samples": 51.5, "rpn/num_neg_anchors": 201.0, "rpn/num_pos_anchors": 55.0, "time": 0.46665315600694157, "total_loss": 1.0070998843875714}
{"data_time": 0.0034950054832734168, "eta_seconds": 206.44318770966493, "fast_rcnn/cls_accuracy": 0.8955078125, "fast_rcnn/false_negative": 0.611475051861557, "fast_rcnn/fg_cls_accuracy": 0.21264367816091956, "iteration": 59, "loss_box_reg": 0.3558236863464117, "loss_cls": 0.4016710538417101, "loss_clustering": 0.0, "loss_rpn_cls": 0.18238896876573563, "loss_rpn_loc": 0.18211036082357168, "lr": 0.01, "roi_head/num_bg_samples": 449.5, "roi_head/num_fg_samples": 62.5, "rpn/num_neg_anchors": 197.5, "rpn/num_pos_anchors": 58.5, "time": 0.46780988096725196, "total_loss": 1.1853541256859899}
{"data_time": 0.0031123289954848588, "eta_seconds": 197.63497591135092, "fast_rcnn/cls_accuracy": 0.927734375, "fast_rcnn/false_negative": 0.586488060570763, "fast_rcnn/fg_cls_accuracy": 0.12000000000000001, "iteration": 79, "loss_box_reg": 0.32793362624943256, "loss_cls": 0.3773863846436143, "loss_clustering": 0.0, "loss_rpn_cls": 0.19506139028817415, "loss_rpn_loc": 0.12492435547756031, "lr": 0.01, "roi_head/num_bg_samples": 473.5, "roi_head/num_fg_samples": 38.5, "rpn/num_neg_anchors": 201.5, "rpn/num_pos_anchors": 54.5, "time": 0.4747897135093808, "total_loss": 1.0653250220348127}
{"data_time": 0.0034172334999311715, "eta_seconds": 188.29572999384254, "fast_rcnn/cls_accuracy": 0.943359375, "fast_rcnn/false_negative": 0.46523694223452094, "fast_rcnn/fg_cls_accuracy": 0.4212046204620462, "iteration": 99, "loss_box_reg": 0.3208793494850397, "loss_cls": 0.34398523392155766, "loss_clustering": 0.0, "loss_rpn_cls": 0.1644991645589471, "loss_rpn_loc": 0.17611305718310177, "lr": 0.01, "roi_head/num_bg_samples": 469.5, "roi_head/num_fg_samples": 42.5, "rpn/num_neg_anchors": 186.0, "rpn/num_pos_anchors": 70.0, "time": 0.47954615199705586, "total_loss": 1.0266299601644278}
{"data_time": 0.0029595925007015467, "eta_seconds": 178.98851732548792, "fast_rcnn/cls_accuracy": 0.927734375, "fast_rcnn/false_negative": 0.5657142857142857, "fast_rcnn/fg_cls_accuracy": 0.3827503142019271, "iteration": 119, "loss_box_reg": 0.3474458819255233, "loss_cls": 0.39111231453716755, "loss_clustering": 0.0, "loss_rpn_cls": 0.21017232676967978, "loss_rpn_loc": 0.15723073185654357, "lr": 0.01, "roi_head/num_bg_samples": 462.0, "roi_head/num_fg_samples": 50.0, "rpn/num_neg_anchors": 186.0, "rpn/num_pos_anchors": 70.0, "time": 0.4740757899999153, "total_loss": 1.0419795298366807}
{"data_time": 0.003126497002085671, "eta_seconds": 170.16145974048413, "fast_rcnn/cls_accuracy": 0.931640625, "fast_rcnn/false_negative": 0.5735524256651017, "fast_rcnn/fg_cls_accuracy": 0.3675, "iteration": 139, "loss_box_reg": 0.34271272365003824, "loss_cls": 0.3838109662756324, "loss_clustering": 0.0, "loss_rpn_cls": 0.19090762827545404, "loss_rpn_loc": 0.14249173598363996, "lr": 0.01, "roi_head/num_bg_samples": 467.5, "roi_head/num_fg_samples": 44.5, "rpn/num_neg_anchors": 209.0, "rpn/num_pos_anchors": 47.0, "time": 0.4805317525169812, "total_loss": 1.0837847949005663}
{"data_time": 0.003257154457969591, "eta_seconds": 160.95075295248535, "fast_rcnn/cls_accuracy": 0.927734375, "fast_rcnn/false_negative": 0.6517326732673268, "fast_rcnn/fg_cls_accuracy": 0.2835365853658537, "iteration": 159, "loss_box_reg": 0.3453136933967471, "loss_cls": 0.39647103287279606, "loss_clustering": 0.0, "loss_rpn_cls": 0.18646570248529315, "loss_rpn_loc": 0.1470577847212553, "lr": 0.01, "roi_head/num_bg_samples": 468.0, "roi_head/num_fg_samples": 44.0, "rpn/num_neg_anchors": 216.0, "rpn/num_pos_anchors": 40.0, "time": 0.47946562798460945, "total_loss": 1.089997805072926}
{"data_time": 0.003236868476960808, "eta_seconds": 151.7042527999729, "fast_rcnn/cls_accuracy": 0.8896484375, "fast_rcnn/false_negative": 0.853878648233487, "fast_rcnn/fg_cls_accuracy": 0.10188261351052048, "iteration": 179, "loss_box_reg": 0.30268523655831814, "loss_cls": 0.33328764513134956, "loss_clustering": 0.0, "loss_rpn_cls": 0.20116540929302573, "loss_rpn_loc": 0.1674569079768844, "lr": 0.01, "roi_head/num_bg_samples": 441.5, "roi_head/num_fg_samples": 70.5, "rpn/num_neg_anchors": 173.5, "rpn/num_pos_anchors": 82.5, "time": 0.4784941730031278, "total_loss": 1.0480573195964098}
{"data_time": 0.0033158404985442758, "eta_seconds": 142.67111850203946, "fast_rcnn/cls_accuracy": 0.90625, "fast_rcnn/false_negative": 0.6253676470588235, "fast_rcnn/fg_cls_accuracy": 0.27013888888888893, "iteration": 199, "loss_box_reg": 0.3459076453000307, "loss_cls": 0.3819645647890866, "loss_clustering": 0.0, "loss_rpn_cls": 0.18683990091085434, "loss_rpn_loc": 0.15280463418457657, "lr": 0.01, "roi_head/num_bg_samples": 458.0, "roi_head/num_fg_samples": 54.0, "rpn/num_neg_anchors": 188.5, "rpn/num_pos_anchors": 67.5, "time": 0.483651602989994, "total_loss": 1.0413847669260576}
{"data_time": 0.00321094153332524, "eta_seconds": 133.3769497263711, "fast_rcnn/cls_accuracy": 0.92578125, "fast_rcnn/false_negative": 0.6965891472868218, "fast_rcnn/fg_cls_accuracy": 0.24677002583979327, "iteration": 219, "loss_box_reg": 0.34324485063552856, "loss_cls": 0.4081000182777643, "loss_clustering": 0.0, "loss_rpn_cls": 0.1956893289461732, "loss_rpn_loc": 0.15133783407509327, "lr": 0.01, "roi_head/num_bg_samples": 466.0, "roi_head/num_fg_samples": 46.0, "rpn/num_neg_anchors": 206.0, "rpn/num_pos_anchors": 50.0, "time": 0.48045435149106197, "total_loss": 1.131011859048158}
{"data_time": 0.003191198513377458, "eta_seconds": 124.2017084104009, "fast_rcnn/cls_accuracy": 0.9365234375, "fast_rcnn/false_negative": 0.5952620967741935, "fast_rcnn/fg_cls_accuracy": 0.40473790322580644, "iteration": 239, "loss_box_reg": 0.3380194427445531, "loss_cls": 0.34527695924043655, "loss_clustering": 0.0, "loss_rpn_cls": 0.2049638982862234, "loss_rpn_loc": 0.1995014720596373, "lr": 0.01, "roi_head/num_bg_samples": 476.5, "roi_head/num_fg_samples": 35.5, "rpn/num_neg_anchors": 201.5, "rpn/num_pos_anchors": 54.5, "time": 0.49240230600116774, "total_loss": 1.084860042668879}
{"data_time": 0.003283498022938147, "eta_seconds": 114.74089799914509, "fast_rcnn/cls_accuracy": 0.865234375, "fast_rcnn/false_negative": 0.5237212750185323, "fast_rcnn/fg_cls_accuracy": 0.437984496124031, "iteration": 259, "loss_box_reg": 0.3938957341015339, "loss_cls": 0.4288283418864012, "loss_clustering": 0.0, "loss_rpn_cls": 0.19138589780777693, "loss_rpn_loc": 0.1514281569980085, "lr": 0.01, "roi_head/num_bg_samples": 420.5, "roi_head/num_fg_samples": 91.5, "rpn/num_neg_anchors": 168.0, "rpn/num_pos_anchors": 88.0, "time": 0.48049779000575654, "total_loss": 1.1600492475554347}
{"data_time": 0.003169617004459724, "eta_seconds": 105.18451537122019, "fast_rcnn/cls_accuracy": 0.9248046875, "fast_rcnn/false_negative": 0.6530938833570412, "fast_rcnn/fg_cls_accuracy": 0.2159090909090909, "iteration": 279, "loss_box_reg": 0.3886751653626561, "loss_cls": 0.41101549472659826, "loss_clustering": 0.0,