{"data_time": 0.003296441995189525, "eta_seconds": 222.56489928346127, "fast_rcnn/cls_accuracy": 0.8701171875, "fast_rcnn/false_negative": 0.6191115086463923, "fast_rcnn/fg_cls_accuracy": 0.2189922480620155, "iteration": 19, "loss_box_reg": 0.4548873733729124, "loss_cls": 0.4790882393717766, "loss_clustering": 0.0, "loss_rpn_cls": 0.19715856108814478, "loss_rpn_loc": 0.1291833323193714, "lr": 0.01, "roi_head/num_bg_samples": 434.0, "roi_head/num_fg_samples": 78.0, "rpn/num_neg_anchors": 180.0, "rpn/num_pos_anchors": 76.0, "time": 0.463676873507211, "total_loss": 1.288877274026163}
{"data_time": 0.003299557021819055, "eta_seconds": 214.12040232273284, "fast_rcnn/cls_accuracy": 0.8916015625, "fast_rcnn/false_negative": 0.7879786566227245, "fast_rcnn/fg_cls_accuracy": 0.14771748492678727, "iteration": 39, "loss_box_reg": 0.3675357364118099, "loss_cls": 0.4146269466727972, "loss_clustering": 0.0, "loss_rpn_cls": 0.2138680350035429, "loss_rpn_loc": 0.16099182423204184, "lr": 0.01, "roi_head/num_bg_samples": 446.0, "roi_head/num_fg_samples": 66.0, "rpn/num_neg_anchors": 212.0, "rpn/num_pos_anchors": 44.0, "time": 0.4692504859995097, "total_loss": 1.2053907015360892}
{"data_time": 0.00358340100501664, "eta_seconds": 204.9035170627758, "fast_rcnn/cls_accuracy": 0.9208984375, "fast_rcnn/false_negative": 0.7107974910394266, "fast_rcnn/fg_cls_accuracy": 0.20900537634408603, "iteration": 59, "loss_box_reg": 0.3258319851011038, "loss_cls": 0.3069231044501066, "loss_clustering": 0.0, "loss_rpn_cls": 0.18524649180471897, "loss_rpn_loc": 0.15941474202554673, "lr": 0.01, "roi_head/num_bg_samples": 460.5, "roi_head/num_fg_samples": 51.5, "rpn/num_neg_anchors": 203.5, "rpn/num_pos_anchors": 52.5, "time": 0.4657015140110161, "total_loss": 0.9654190160799772}
{"data_time": 0.0036067465116502717, "eta_seconds": 196.49696724110981, "fast_rcnn/cls_accuracy": 0.931640625, "fast_rcnn/false_negative": 0.5331196581196581, "fast_rcnn/fg_cls_accuracy": 0.375366568914956, "iteration": 79, "loss_box_reg": 0.37500510830432177, "loss_cls": 0.36466716043651104, "loss_clustering": 0.0, "loss_rpn_cls": 0.1835697595961392, "loss_rpn_loc": 0.14003737270832062, "lr": 0.01, "roi_head/num_bg_samples": 470.5, "roi_head/num_fg_samples": 41.5, "rpn/num_neg_anchors": 215.0, "rpn/num_pos_anchors": 41.0, "time": 0.47191149450372905, "total_loss": 1.0409358479082584}
{"data_time": 0.003516610013321042, "eta_seconds": 187.44448840152472, "fast_rcnn/cls_accuracy": 0.947265625, "fast_rcnn/false_negative": 0.5770540655598126, "fast_rcnn/fg_cls_accuracy": 0.40162037037037035, "iteration": 99, "loss_box_reg": 0.2694897139444947, "loss_cls": 0.28398769488558173, "loss_clustering": 0.0, "loss_rpn_cls": 0.18117796629667282, "loss_rpn_loc": 0.15147444483591244, "lr": 0.01, "roi_head/num_bg_samples": 472.5, "roi_head/num_fg_samples": 39.5, "rpn/num_neg_anchors": 224.5, "rpn/num_pos_anchors": 31.5, "time": 0.4716825849900488, "total_loss": 0.9063196000643075}
{"data_time": 0.00367513949458953, "eta_seconds": 178.16275718592806, "fast_rcnn/cls_accuracy": 0.8818359375, "fast_rcnn/false_negative": 0.6841760299625468, "fast_rcnn/fg_cls_accuracy": 0.24098837209302326, "iteration": 119, "loss_box_reg": 0.39286696165800095, "loss_cls": 0.3782671922817826, "loss_clustering": 0.0, "loss_rpn_cls": 0.19795913761481643, "loss_rpn_loc": 0.16469899425283074, "lr": 0.01, "roi_head/num_bg_samples": 432.0, "roi_head/num_fg_samples": 80.0, "rpn/num_neg_anchors": 187.5, "rpn/num_pos_anchors": 68.5, "time": 0.4694257500086678, "total_loss": 1.1668815996381454}
{"data_time": 0.0035007800033781677, "eta_seconds": 168.81164531980176, "fast_rcnn/cls_accuracy": 0.9384765625, "fast_rcnn/false_negative": 0.5616784630940344, "fast_rcnn/fg_cls_accuracy": 0.2675585284280937, "iteration": 139, "loss_box_reg": 0.3073495263233781, "loss_cls": 0.2977331317961216, "loss_clustering": 0.0, "loss_rpn_cls": 0.18947924673557281, "loss_rpn_loc": 0.1575297883246094, "lr": 0.01, "roi_head/num_bg_samples": 474.5, "roi_head/num_fg_samples": 37.5, "rpn/num_neg_anchors": 213.5, "rpn/num_pos_anchors": 42.5, "time": 0.47186513600172475, "total_loss": 0.9896873142570257}
{"data_time": 0.003701439520227723, "eta_seconds": 159.5045141602168, "fast_rcnn/cls_accuracy": 0.9169921875, "fast_rcnn/false_negative": 0.5398190045248868, "fast_rcnn/fg_cls_accuracy": 0.3851744186046512, "iteration": 159, "loss_box_reg": 0.3501777872443199, "loss_cls": 0.3321115793660283, "loss_clustering": 0.0, "loss_rpn_cls": 0.19022918844711967, "loss_rpn_loc": 0.13714634896314237, "lr": 0.01, "roi_head/num_bg_samples": 452.5, "roi_head/num_fg_samples": 59.5, "rpn/num_neg_anchors": 211.0, "rpn/num_pos_anchors": 45.0, "time": 0.47127520899812225, "total_loss": 1.0291300010867417}
{"data_time": 0.0034956235031131655, "eta_seconds": 150.552669595927, "fast_rcnn/cls_accuracy": 0.9189453125, "fast_rcnn/false_negative": 0.6666666666666666, "fast_rcnn/fg_cls_accuracy": 0.21825396825396826, "iteration": 179, "loss_box_reg": 0.36345341615378857, "loss_cls": 0.3499118033796549, "loss_clustering": 0.0, "loss_rpn_cls": 0.22164951637387276, "loss_rpn_loc": 0.14833974512293935, "lr": 0.01, "roi_head/num_bg_samples": 457.0, "roi_head/num_fg_samples": 55.0, "rpn/num_neg_anchors": 192.0, "rpn/num_pos_anchors": 64.0, "time": 0.48279841199109796, "total_loss": 1.069833981222473}
{"data_time": 0.003727192015503533, "eta_seconds": 141.29191394458758, "fast_rcnn/cls_accuracy": 0.9072265625, "fast_rcnn/false_negative": 0.5708620689655173, "fast_rcnn/fg_cls_accuracy": 0.32666666666666666, "iteration": 199, "loss_box_reg": 0.3128392035141587, "loss_cls": 0.30542563647031784, "loss_clustering": 0.0, "loss_rpn_cls": 0.16500805970281363, "loss_rpn_loc": 0.13825991936028004, "lr": 0.01, "roi_head/num_bg_samples": 446.0, "roi_head/num_fg_samples": 66.0, "rpn/num_neg_anchors": 200.5, "rpn/num_pos_anchors": 55.5, "time": 0.4746743775176583, "total_loss": 0.942644618684426}
{"data_time": 0.003632908992585726, "eta_seconds": 131.92635245562997, "fast_rcnn/cls_accuracy": 0.90625, "fast_rcnn/false_negative": 0.6596638655462186, "fast_rcnn/fg_cls_accuracy": 0.2616892911010558, "iteration": 219, "loss_box_reg": 0.4040118018165231, "loss_cls": 0.33072114922106266, "loss_clustering": 0.0, "loss_rpn_cls": 0.17517675459384918, "loss_rpn_loc": 0.1912451647222042, "lr": 0.01, "roi_head/num_bg_samples": 460.5, "roi_head/num_fg_samples": 51.5, "rpn/num_neg_anchors": 171.5, "rpn/num_pos_anchors": 84.5, "time": 0.4779500069998903, "total_loss": 1.1440705582499504}
{"data_time": 0.003283015001215972, "eta_seconds": 122.66378227737732, "fast_rcnn/cls_accuracy": 0.900390625, "fast_rcnn/false_negative": 0.4696691176470588, "fast_rcnn/fg_cls_accuracy": 0.3953488372093023, "iteration": 239, "loss_box_reg": 0.3750875648111105, "loss_cls": 0.30924640875309706, "loss_clustering": 0.0, "loss_rpn_cls": 0.17984265089035034, "loss_rpn_loc": 0.16484490921720862, "lr": 0.01, "roi_head/num_bg_samples": 443.0, "roi_head/num_fg_samples": 69.0, "rpn/num_neg_anchors": 191.5, "rpn/num_pos_anchors": 64.5, "time": 0.483384710008977, "total_loss": 1.0655820318497717}
{"data_time": 0.0033862255077110603, "eta_seconds": 113.3667872438673, "fast_rcnn/cls_accuracy": 0.923828125, "fast_rcnn/false_negative": 0.5688424947145878, "fast_rcnn/fg_cls_accuracy": 0.32959101844426625, "iteration": 259, "loss_box_reg": 0.37924935668706894, "loss_cls": 0.30181694217026234, "loss_clustering": 0.0, "loss_rpn_cls": 0.19658682495355606, "loss_rpn_loc": 0.18245250941254199, "lr": 0.01, "roi_head/num_bg_samples": 466.5, "roi_head/num_fg_samples": 45.5, "rpn/num_neg_anchors": 199.5, "rpn/num_pos_anchors": 56.5, "time": 0.4821229494991712, "total_loss": 1.1089688467327505}
{"data_time": 0.003371475002495572, "eta_seconds": 103.98351843090495, "fast_rcnn/cls_accuracy": 0.9052734375, "fast_rcnn/false_negative": 0.6356589147286822, "fast_rcnn/fg_cls_accuracy": 0.36231884057971014, "iteration": 279, "loss_box_reg": 0.3715014010667801, "loss_cls": 0.4045899137854576,