{"data_time": 0.0035241445002611727, "eta_seconds": 225.7013361621648, "fast_rcnn/cls_accuracy": 0.9287109375, "fast_rcnn/false_negative": 0.6584558823529412, "fast_rcnn/fg_cls_accuracy": 0.13088235294117648, "iteration": 19, "loss_box_reg": 0.3478367030620575, "loss_cls": 0.3298304779455066, "loss_clustering": 0.0, "loss_rpn_cls": 0.191041206009686, "loss_rpn_loc": 0.11110479151830077, "lr": 0.01, "roi_head/num_bg_samples": 462.0, "roi_head/num_fg_samples": 50.0, "rpn/num_neg_anchors": 219.5, "rpn/num_pos_anchors": 36.5, "time": 0.47021111700451, "total_loss": 1.06038223777432}
{"data_time": 0.0033811044995673, "eta_seconds": 215.20359492802527, "fast_rcnn/cls_accuracy": 0.9296875, "fast_rcnn/false_negative": 0.5165825522710887, "fast_rcnn/fg_cls_accuracy": 0.45906432748538006, "iteration": 39, "loss_box_reg": 0.3211714792996645, "loss_cls": 0.2680794717743993, "loss_clustering": 0.0, "loss_rpn_cls": 0.17189975269138813, "loss_rpn_loc": 0.13299902947619557, "lr": 0.01, "roi_head/num_bg_samples": 462.5, "roi_head/num_fg_samples": 49.5, "rpn/num_neg_anchors": 209.0, "rpn/num_pos_anchors": 47.0, "time": 0.46683428896358237, "total_loss": 0.926073853392154}
{"data_time": 0.003461418498773128, "eta_seconds": 205.9748875850346, "fast_rcnn/cls_accuracy": 0.9453125, "fast_rcnn/false_negative": 0.5728070175438597, "fast_rcnn/fg_cls_accuracy": 0.3872909016727866, "iteration": 59, "loss_box_reg": 0.3821697160601616, "loss_cls": 0.2957675838842988, "loss_clustering": 0.0, "loss_rpn_cls": 0.20047849602997303, "loss_rpn_loc": 0.1442501253914088, "lr": 0.01, "roi_head/num_bg_samples": 461.5, "roi_head/num_fg_samples": 50.5, "rpn/num_neg_anchors": 189.0, "rpn/num_pos_anchors": 67.0, "time": 0.4714630114904139, "total_loss": 1.001455114921555}
{"data_time": 0.0033020690025296062, "eta_seconds": 196.8122774118092, "fast_rcnn/cls_accuracy": 0.908203125, "fast_rcnn/false_negative": 0.6104702750665484, "fast_rcnn/fg_cls_accuracy": 0.26927502876869963, "iteration": 79, "loss_box_reg": 0.29963038954883814, "loss_cls": 0.27320167794823647, "loss_clustering": 0.0, "loss_rpn_cls": 0.1693261992186308, "loss_rpn_loc": 0.14296338852727786, "lr": 0.01, "roi_head/num_bg_samples": 458.0, "roi_head/num_fg_samples": 54.0, "rpn/num_neg_anchors": 191.0, "rpn/num_pos_anchors": 65.0, "time": 0.4693983085162472, "total_loss": 0.8853759361954872}
{"data_time": 0.0032276294950861484, "eta_seconds": 187.54095619078726, "fast_rcnn/cls_accuracy": 0.9365234375, "fast_rcnn/false_negative": 0.5384615384615384, "fast_rcnn/fg_cls_accuracy": 0.33408521303258143, "iteration": 99, "loss_box_reg": 0.27884519938379526, "loss_cls": 0.24414132442325354, "loss_clustering": 0.0, "loss_rpn_cls": 0.1742749698460102, "loss_rpn_loc": 0.12622225971426815, "lr": 0.01, "roi_head/num_bg_samples": 479.5, "roi_head/num_fg_samples": 32.5, "rpn/num_neg_anchors": 189.0, "rpn/num_pos_anchors": 67.0, "time": 0.4700806195323821, "total_loss": 0.8976819922681898}
{"data_time": 0.0033682205248624086, "eta_seconds": 178.34146566223353, "fast_rcnn/cls_accuracy": 0.900390625, "fast_rcnn/false_negative": 0.6747252747252748, "fast_rcnn/fg_cls_accuracy": 0.24761904761904763, "iteration": 119, "loss_box_reg": 0.32106104865670204, "loss_cls": 0.32006582990288734, "loss_clustering": 0.0, "loss_rpn_cls": 0.17009466793388128, "loss_rpn_loc": 0.12677599489688873, "lr": 0.01, "roi_head/num_bg_samples": 455.0, "roi_head/num_fg_samples": 57.0, "rpn/num_neg_anchors": 175.0, "rpn/num_pos_anchors": 81.0, "time": 0.47194290050538257, "total_loss": 0.97084901900962}
{"data_time": 0.0033558184804860502, "eta_seconds": 169.2966976063326, "fast_rcnn/cls_accuracy": 0.91796875, "fast_rcnn/false_negative": 0.5894736842105264, "fast_rcnn/fg_cls_accuracy": 0.31296992481203006, "iteration": 139, "loss_box_reg": 0.36451862286776304, "loss_cls": 0.325943642295897, "loss_clustering": 0.0, "loss_rpn_cls": 0.1925643151625991, "loss_rpn_loc": 0.18026458739768714, "lr": 0.01, "roi_head/num_bg_samples": 453.5, "roi_head/num_fg_samples": 58.5, "rpn/num_neg_anchors": 217.5, "rpn/num_pos_anchors": 38.5, "time": 0.476447670487687, "total_loss": 1.064081319491379}
{"data_time": 0.0033903270086739212, "eta_seconds": 160.0021582271438, "fast_rcnn/cls_accuracy": 0.9375, "fast_rcnn/false_negative": 0.4439475253428742, "fast_rcnn/fg_cls_accuracy": 0.44980620155038764, "iteration": 159, "loss_box_reg": 0.3200114672072232, "loss_cls": 0.26098642963916063, "loss_clustering": 0.0, "loss_rpn_cls": 0.1701619648374617, "loss_rpn_loc": 0.15346498240251094, "lr": 0.01, "roi_head/num_bg_samples": 463.0, "roi_head/num_fg_samples": 49.0, "rpn/num_neg_anchors": 194.5, "rpn/num_pos_anchors": 61.5, "time": 0.47611377949942835, "total_loss": 0.8701697121141478}
{"data_time": 0.0035128375166095793, "eta_seconds": 150.51423855125904, "fast_rcnn/cls_accuracy": 0.91015625, "fast_rcnn/false_negative": 0.48300945099288517, "fast_rcnn/fg_cls_accuracy": 0.42460443878092813, "iteration": 179, "loss_box_reg": 0.35092115215957165, "loss_cls": 0.29348837956786156, "loss_clustering": 0.0, "loss_rpn_cls": 0.21023507695645094, "loss_rpn_loc": 0.17438151501119137, "lr": 0.01, "roi_head/num_bg_samples": 438.5, "roi_head/num_fg_samples": 73.5, "rpn/num_neg_anchors": 173.5, "rpn/num_pos_anchors": 82.5, "time": 0.4660965235088952, "total_loss": 1.0487270057201385}
{"data_time": 0.003169324976624921, "eta_seconds": 141.35658329178113, "fast_rcnn/cls_accuracy": 0.943359375, "fast_rcnn/false_negative": 0.5645071982281284, "fast_rcnn/fg_cls_accuracy": 0.32597730138713743, "iteration": 199, "loss_box_reg": 0.26818896643817425, "loss_cls": 0.24403482303023338, "loss_clustering": 0.0, "loss_rpn_cls": 0.17412321595475078, "loss_rpn_loc": 0.158553346991539, "lr": 0.01, "roi_head/num_bg_samples": 470.0, "roi_head/num_fg_samples": 42.0, "rpn/num_neg_anchors": 191.5, "rpn/num_pos_anchors": 64.5, "time": 0.47518464500899427, "total_loss": 0.8498681323835626}
{"data_time": 0.0034583164961077273, "eta_seconds": 131.97721193777397, "fast_rcnn/cls_accuracy": 0.9423828125, "fast_rcnn/false_negative": 0.40755401616361536, "fast_rcnn/fg_cls_accuracy": 0.4520093839249286, "iteration": 219, "loss_box_reg": 0.30401621386408806, "loss_cls": 0.27575286477804184, "loss_clustering": 0.0, "loss_rpn_cls": 0.1721737626940012, "loss_rpn_loc": 0.14596205297857523, "lr": 0.01, "roi_head/num_bg_samples": 464.0, "roi_head/num_fg_samples": 48.0, "rpn/num_neg_anchors": 205.0, "rpn/num_pos_anchors": 51.0, "time": 0.47560549451736733, "total_loss": 0.9211837453767657}
{"data_time": 0.003182130982168019, "eta_seconds": 122.62267472338863, "fast_rcnn/cls_accuracy": 0.8955078125, "fast_rcnn/false_negative": 0.5103641456582633, "fast_rcnn/fg_cls_accuracy": 0.38015873015873014, "iteration": 239, "loss_box_reg": 0.30687974765896797, "loss_cls": 0.2733860071748495, "loss_clustering": 0.0, "loss_rpn_cls": 0.1895725466310978, "loss_rpn_loc": 0.17802298454625998, "lr": 0.01, "roi_head/num_bg_samples": 448.0, "roi_head/num_fg_samples": 64.0, "rpn/num_neg_anchors": 154.5, "rpn/num_pos_anchors": 101.5, "time": 0.4777736740070395, "total_loss": 0.9603871484287083}
{"data_time": 0.0033339429937768728, "eta_seconds": 113.25003983918577, "fast_rcnn/cls_accuracy": 0.90625, "fast_rcnn/false_negative": 0.49592777941320776, "fast_rcnn/fg_cls_accuracy": 0.4094391244870041, "iteration": 259, "loss_box_reg": 0.34409069269895554, "loss_cls": 0.2856362871825695, "loss_clustering": 0.0, "loss_rpn_cls": 0.18060997314751148, "loss_rpn_loc": 0.13917126739397645, "lr": 0.01, "roi_head/num_bg_samples": 449.0, "roi_head/num_fg_samples": 63.0, "rpn/num_neg_anchors": 181.0, "rpn/num_pos_anchors": 75.0, "time": 0.4745477015094366, "total_loss": 0.94714678224409}
{"data_time": 0.00335280952276662, "eta_seconds": 104.00548839941621, "fast_rcnn/cls_accuracy": 0.8837890625, "fast_rcnn/false_negative": 0.5572450805008944, "fast_rcnn/fg_cls_accuracy": 0.38372093023255816, "iteration": 279, "loss_box_reg": 0.3683399399742484, "loss_cls": 0.32446296885609627, "loss_clustering": 0.0,